PRODUCTID,LANGUAGE,SHORT_DESCR,MEDIUM_DESCR,LONG_DESCR
RO-1001,EN,Roady 1001,Roady 1001 road bike built for everyday city riding and weekend tours,"The Roady 1001 is a versatile road bike designed for urban commuters and leisure cyclists. Featuring a lightweight aluminum frame, smooth-rolling tires, and a comfortable geometry, it delivers efficiency and comfort for daily rides and longer weekend trips."
RO-1001,DE,Roady 1001 Rennrad,Roady 1001 Rennrad für Stadt und Fitness,"Das Roady 1001 Rennrad ist ein vielseitiges Straßenrad für tägliche Pendelstrecken und sportliche Ausfahrten. Der leichte Aluminiumrahmen, die zuverlässige Schaltung und die ausgewogene Geometrie sorgen für effiziente Kraftübertragung und angenehmen Fahrkomfort auf längeren Strecken."
RO-1001,FR,Vélo de route Roady 1001,Roady 1001 vélo de route pour ville et fitness,"Le Roady 1001 est un vélo de route polyvalent conçu pour les trajets urbains et les sorties sportives. Son cadre léger en aluminium, sa transmission fiable et sa géométrie équilibrée assurent confort et efficacité sur courtes et longues distances."
RO-1001,ES,Bicicleta de carretera Roady 1001,Roady 1001 bicicleta de carretera para ciudad y fitness,"La Roady 1001 es una bicicleta de carretera versátil diseñada para desplazamientos urbanos y salidas deportivas. Su cuadro ligero de aluminio, transmisión fiable y geometría equilibrada ofrecen comodidad y eficiencia tanto en trayectos cortos como en recorridos largos."
RO-1002,EN,Roady 1002,Roady 1002 road bike offering balanced performance for city and fitness cycling,"The Roady 1002 combines speed and comfort in a well-balanced road bike for a broad audience. With improved drivetrain components and responsive handling, it is ideal for commuting, fitness rides, and relaxed long-distance touring."
RO-1002,FR,Vélo de route Roady 1002,Roady 1002 vélo de route performance pour cyclistes ambitieux,"Le Roady 1002 combine vitesse et stabilité grâce à une conception optimisée du cadre et un système de changement de vitesse précis. Idéal pour l’entraînement régulier et les longues sorties sur route."
RO-1002,DE,Roady 1002 Rennrad,Roady 1002 Performance-Rennrad für ambitionierte Fahrer,"Das Roady 1002 bietet eine ausgewogene Kombination aus Geschwindigkeit und Stabilität. Mit optimierter Rahmenkonstruktion, präzisem Schaltsystem und sportlicher Sitzposition eignet es sich ideal für Fitnessfahrten, Trainingsrunden und längere Wochenendtouren."
RO-1002,ES,Bicicleta de carretera Roady 1002,Roady 1002 bicicleta de carretera de alto rendimiento,"La Roady 1002 combina velocidad y estabilidad gracias a un diseño de cuadro optimizado y un sistema de cambios preciso. Ideal para entrenamientos regulares y recorridos prolongados en carretera."
RO-1003,EN,Roady 1003,Roady 1003 premium road bike for sporty city and leisure use,"The Roady 1003 delivers enhanced performance for ambitious leisure riders. Its lightweight frame, precision shifting system, and aerodynamic riding position make it suitable for longer rides while maintaining everyday usability."
RO-1003,DE,Roady 1003 Rennrad,Roady 1003 Premium-Rennrad mit sportlicher Geometrie,"Das Roady 1003 ist für Fahrer konzipiert, die Wert auf Leistung und Komfort legen. Hochwertige Komponenten, ein aerodynamisch optimierter Rahmen und direkte Kraftübertragung machen es zum idealen Begleiter für anspruchsvolle Straßenkilometer."
RO-1003,FR,Vélo de route Roady 1003,Roady 1003 vélo de route premium à géométrie sportive,"Le Roady 1003 est conçu pour les cyclistes exigeants recherchant performance et confort. Son design aérodynamique et ses composants de qualité garantissent une excellente transmission de puissance."
RO-1003,ES,Bicicleta de carretera Roady 1003,Roady 1003 bicicleta de carretera premium deportiva,"La Roady 1003 está pensada para ciclistas exigentes que buscan rendimiento y confort. Su diseño aerodinámico y componentes de calidad garantizan una excelente transmisión de potencia."
BX-1011,EN,BMX Vintage 1011,BMX Vintage 1011 stunt bike with classic styling and durable frame,"The BMX Vintage 1011 is designed for freestyle tricks and urban riding. With a reinforced steel frame, compact geometry, and high-impact wheels, it ensures durability and agility for park sessions and street stunts."
BX-1011,DE,BMX Vintage 1011,BMX Vintage 1011 Freestyle-Bike im Retro-Design,"Das BMX Vintage 1011 kombiniert klassisches Design mit robuster Bauweise. Der stabile Stahlrahmen und die kompakte Geometrie ermöglichen präzise Tricks und hohe Kontrolle im Skatepark oder auf urbanem Terrain."
BX-1011,FR,BMX Vintage 1011,BMX Vintage 1011 vélo freestyle au design rétro,"Le BMX Vintage 1011 associe style classique et construction robuste. Son cadre renforcé et sa géométrie compacte permettent un contrôle optimal pour les figures en skatepark ou en environnement urbain."
BX-1011,ES,BMX Vintage 1011,BMX Vintage 1011 bicicleta freestyle estilo retro,"La BMX Vintage 1011 combina diseño clásico y construcción robusta. Su cuadro reforzado y geometría compacta permiten un control preciso para trucos en skatepark o en entorno urbano."
BX-1012,EN,BMX Jump 1012,BMX Jump 1012 agile stunt bike for park and race tracks,"Built for action, the BMX Jump 1012 features a lightweight yet sturdy frame, responsive brakes, and compact wheels for maximum control. It is ideal for jumps, tricks, and entry-level BMX racing."
BX-1012,DE,BMX Jump 1012,BMX Jump 1012 Stunt-Bike für Park und Street,"Das BMX Jump 1012 ist auf Wendigkeit und Belastbarkeit ausgelegt. Verstärkte Komponenten, reaktionsschnelle Bremsen und optimale Balance unterstützen Sprünge und Tricks auf jedem Untergrund."
BX-1012,FR,BMX Jump 1012,BMX Jump 1012 vélo stunt pour park et street,"Le BMX Jump 1012 est conçu pour la maniabilité et la résistance. Ses composants renforcés offrent stabilité et sécurité lors des sauts et des tricks."
BX-1012,ES,BMX Jump 1012,BMX Jump 1012 bicicleta stunt para park y street,"La BMX Jump 1012 está diseñada para maniobrabilidad y resistencia. Sus componentes reforzados proporcionan estabilidad y seguridad en saltos y trucos."
BX-1013,EN,BMX Jump Lux I,BMX Jump Lux I upgraded freestyle BMX with enhanced components,"The BMX Jump Lux I enhances freestyle performance with premium tires, reinforced cranksets, and improved balance. Designed for ambitious riders, it delivers stability during jumps and precise handling in technical tricks."
BX-1013,FR,BMX Jump Lux I,BMX Jump Lux I modèle freestyle performance,"Le BMX Jump Lux I propose des composants améliorés et un meilleur équilibre pour les riders ambitieux pratiquant le freestyle."
BX-1013,DE,BMX Jump Lux I,BMX Jump Lux I Performance-Freestyle-Bike,"Das BMX Jump Lux I bietet verbesserte Stabilität und hochwertige Bauteile für ambitionierte Fahrer. Ideal für anspruchsvolle Sprungserien und kreative Street-Manöver."
BX-1013,ES,BMX Jump Lux I,BMX Jump Lux I modelo freestyle rendimiento,"La BMX Jump Lux I ofrece componentes mejorados y mayor equilibrio para riders que buscan un nivel superior en freestyle."
BX-1014,EN,BMX Jump Lux II,BMX Jump Lux II high-performance freestyle BMX bike,"The BMX Jump Lux II offers advanced durability and control for demanding riders. With upgraded bearings, a reinforced frame, and optimized weight distribution, it supports advanced tricks and competitive park riding."
BX-1014,DE,BMX Jump Lux II,BMX Jump Lux II Premium-Freestyle-Modell,"Das BMX Jump Lux II erweitert die Performance-Serie um verstärkte Lager, leichtere Komponenten und optimierte Gewichtsverteilung."
BX-1014,FR,BMX Jump Lux II,BMX Jump Lux II modèle freestyle premium,"Le BMX Jump Lux II améliore la série avec des roulements renforcés et une meilleure répartition du poids pour un contrôle avancé."
BX-1014,ES,BMX Jump Lux II,BMX Jump Lux II modelo freestyle premium,"La BMX Jump Lux II mejora la serie con rodamientos reforzados y mejor distribución del peso para mayor control."
BX-1015,EN,BMX Optima,BMX Optima versatile stunt bike for beginners and enthusiasts,"The BMX Optima is a reliable all-round freestyle bike designed for both newcomers and experienced riders. Its solid frame construction and responsive steering make it suitable for street riding and skatepark sessions."
BX-1015,DE,BMX Optima,BMX Optima vielseitiges Einsteiger-BMX,"Das BMX Optima ist ein zuverlässiges Allround-Modell für Anfänger und Fortgeschrittene mit stabiler Rahmenkonstruktion."
BX-1015,ES,BMX Optima,BMX Optima modelo versátil para principiantes,"La BMX Optima es una opción fiable para ciclistas principiantes e intermedios que buscan estabilidad y durabilidad."
BX-1015,FR,BMX Optima,BMX Optima modèle polyvalent pour débutants,"Le BMX Optima est un modèle fiable adapté aux débutants et aux riders intermédiaires recherchant stabilité et durabilité."
BX-1016,EN,BMX Optima II,BMX Optima II improved freestyle model with reinforced components,"The BMX Optima II builds on the proven Optima platform with enhanced durability and smoother ride dynamics. Designed for frequent practice and performance progression, it ensures stability and agility in every trick."
BX-1016,DE,BMX Optima II,BMX Optima II verbessertes Freestyle-Bike,"Das BMX Optima II bietet erhöhte Haltbarkeit und geschmeidiges Handling für regelmäßiges Training."
BX-1016,FR,BMX Optima II,BMX Optima II version améliorée freestyle,"Le BMX Optima II offre une durabilité accrue et une conduite plus fluide pour un entraînement régulier."
BX-1016,ES,BMX Optima II,BMX Optima II versión mejorada freestyle,"La BMX Optima II ofrece mayor resistencia y una conducción más fluida para entrenamientos frecuentes."
CC-1021,EN,Cyclone Basic,Cyclone Basic cyclo-cross bike for mixed terrain racing,"The Cyclone Basic is a cyclo-cross bike engineered for gravel paths and race circuits. Featuring knobby tires, a lightweight frame, and responsive braking, it offers versatility across dirt, grass, and pavement."
CC-1021,FR,Cyclone Basic,Cyclone Basic vélo cyclocross pour terrain mixte,"Le Cyclone Basic est conçu pour routes, graviers et sentiers légers. Son cadre robuste et ses pneus adhérents assurent polyvalence et contrôle."
CC-1021,DE,Cyclone Basic,Cyclone Basic Cyclocross-Rad für gemischtes Terrain,"Das Cyclone Basic ist für Schotter, Asphalt und leichte Trails konzipiert. Robuster Rahmen und griffige Reifen sorgen für Vielseitigkeit."
CC-1021,ES,Cyclone Basic,Cyclone Basic bicicleta de ciclocross terreno mixto,"La Cyclone Basic está diseñada para asfalto, grava y senderos ligeros. Su cuadro robusto y neumáticos con agarre aseguran versatilidad y control."
CC-1022,EN,Cyclone Speed,Cyclone Speed performance cyclo-cross bike for competitive riders,"The Cyclone Speed enhances cross-terrain performance with improved gearing and lightweight components. Built for race conditions, it ensures control and speed on unpredictable surfaces."
CC-1022,DE,Cyclone Speed,Cyclone Speed leistungsstarkes Cyclocross-Rad,"Das Cyclone Speed verbessert Beschleunigung und Kontrolle auf wechselnden Untergründen."
CC-1022,FR,Cyclone Speed,Cyclone Speed vélo cyclocross performance,"Le Cyclone Speed améliore accélération et précision pour les compétitions sur terrain varié."
CC-1022,ES,Cyclone Speed,Cyclone Speed bicicleta de ciclocross rendimiento,"La Cyclone Speed mejora aceleración y precisión para competiciones en terrenos variados."
CC-1023,EN,Cyclone III,Cyclone III advanced cyclo-cross bike with race-ready setup,"The Cyclone III is optimized for demanding cyclo-cross competitions. Its refined geometry, durable drivetrain, and high-grip tires provide excellent handling across mud, gravel, and technical courses."
CC-1023,DE,Cyclone III,Cyclone III Wettkampf-Cyclocross-Rad,"Das Cyclone III richtet sich an ambitionierte Fahrer mit optimierter Geometrie und langlebigen Antriebskomponenten."
CC-1023,FR,Cyclone III,Cyclone III vélo cyclocross compétition,"Le Cyclone III s’adresse aux cyclistes ambitieux recherchant une géométrie optimisée et une transmission durable."
CC-1023,ES,Cyclone III,Cyclone III bicicleta de ciclocross competición,"La Cyclone III está dirigida a ciclistas ambiciosos que buscan geometría optimizada y transmisión duradera."
MB-1031,EN,Mt Discovery B,Mt Discovery B mountain bike for entry-level trail riding,"The Mt Discovery B is a reliable mountain bike designed for off-road adventures. Equipped with wide tires, front suspension, and a sturdy frame, it delivers traction and comfort on forest trails and uneven terrain."
MB-1031,DE,Mt Discovery B,Mt Discovery B Mountainbike für Einsteiger,"Das Mt Discovery B bietet stabile Federung und breite Reifen für sichere Offroad-Erlebnisse."
MB-1031,FR,Mt Discovery B,Mt Discovery B VTT pour débutants,"Le Mt Discovery B offre suspension fiable et pneus larges pour des aventures tout-terrain en toute sécurité."
MB-1031,ES,Mt Discovery B,Mt Discovery B bicicleta de montaña para principiantes,"La Mt Discovery B ofrece suspensión fiable y neumáticos anchos para aventuras todoterreno seguras."
MB-1032,EN,Mt Discovery Drive,Mt Discovery Drive trail mountain bike with enhanced suspension,"The Mt Discovery Drive provides improved trail control with upgraded suspension and durable components. Perfect for recreational off-road riders seeking stability and performance."
MB-1032,DE,Mt Discovery Drive,Mt Discovery Drive Trail-Mountainbike,"Das Mt Discovery Drive kombiniert Komfort und Kontrolle für Freizeit-Trailfahrer."
MB-1032,FR,Mt Discovery Drive,Mt Discovery Drive VTT trail polyvalent,"Le Mt Discovery Drive combine confort et contrôle pour les sorties sur sentiers."
MB-1032,ES,Mt Discovery Drive,Mt Discovery Drive bicicleta de montaña trail,"La Mt Discovery Drive combina comodidad y control para rutas por senderos."
MB-1033,EN,Mt Discovery Rush,Mt Discovery Rush sporty mountain bike for dynamic trail rides,"The Mt Discovery Rush offers responsive handling and robust construction for technical trails. Its lightweight frame and enhanced braking system ensure confidence on climbs and descents."
MB-1033,DE,Mt Discovery Rush,Mt Discovery Rush sportliches Mountainbike,"Das Mt Discovery Rush überzeugt durch agiles Handling auf anspruchsvollen Trails."
MB-1033,FR,Mt Discovery Rush,Mt Discovery Rush VTT sportif,"Le Mt Discovery Rush assure maniabilité et robustesse sur terrains techniques."
MB-1033,ES,Mt Discovery Rush,Mt Discovery Rush bicicleta de montaña deportiva,"La Mt Discovery Rush proporciona maniobrabilidad ágil y resistencia en terrenos técnicos."
MB-1034,EN,Mt Discovery Ulti,Mt Discovery Ulti premium mountain bike for advanced riders,"The Mt Discovery Ulti is engineered for ambitious trail enthusiasts. Featuring high-quality suspension, durable gearing, and superior grip tires, it delivers outstanding performance on demanding off-road routes."
MB-1034,DE,Mt Discovery Ulti,Mt Discovery Ulti Premium-Trailbike,"Das Mt Discovery Ulti bietet hochwertige Federung und robuste Komponenten für erfahrene Fahrer."
MB-1034,FR,Mt Discovery Ulti,Mt Discovery Ulti VTT premium,"Le Mt Discovery Ulti propose suspension haut de gamme et composants durables pour cyclistes expérimentés."
MB-1034,ES,Mt Discovery Ulti,Mt Discovery Ulti bicicleta de montaña premium,"La Mt Discovery Ulti ofrece suspensión de alta calidad y componentes duraderos para ciclistas experimentados."
RC-1051,EN,Tornado I,Tornado I racing bike designed for competitive road performance,"The Tornado I is a lightweight racing bike engineered for speed and precision. With an aerodynamic frame design, responsive gearing system, and race-oriented geometry, it delivers strong acceleration and efficient power transfer for competitive cycling and ambitious training sessions."
RC-1051,DE,Tornado I Rennrad,Tornado I Rennrad für leistungsorientiertes Training,"Das Tornado I ist ein sportliches Rennrad mit aerodynamischem Rahmen für schnelle Trainingsfahrten."
RC-1051,FR,Tornado I vélo de course,Tornado I vélo de course pour entraînement intensif,"Le Tornado I est un vélo de course aérodynamique destiné aux entraînements rapides et compétitions amateurs."
RC-1051,ES,Tornado I bicicleta de carrera,Tornado I bicicleta de carrera para entrenamiento intensivo,"La Tornado I es una bicicleta aerodinámica diseñada para entrenamientos rápidos y competiciones amateur."
RC-1052,EN,Tornado II,Tornado II upgraded racing bike with enhanced aerodynamics,"The Tornado II builds upon its predecessor with improved aerodynamics and refined components. Designed for performance-focused riders, it offers excellent stiffness, precise shifting, and superior handling at high speeds."
RC-1052,DE,Tornado II Rennrad,Tornado II Aero-Rennrad für Wettkämpfe,"Das Tornado II steigert Aerodynamik und Steifigkeit für ambitionierte Straßenfahrer."
RC-1052,FR,Tornado II vélo de course,Tornado II vélo aérodynamique haute performance,"Le Tornado II améliore rigidité et efficacité pour les cyclistes orientés compétition."
RC-1052,ES,Tornado II bicicleta de carrera,Tornado II bicicleta aerodinámica alto rendimiento,"La Tornado II mejora rigidez y eficiencia para ciclistas orientados a la competición."
RC-1053,EN,Stream I,Stream I performance road racing bike for speed enthusiasts,"The Stream I combines lightweight construction with aerodynamic tube shaping to reduce drag and maximize efficiency. Ideal for amateur racers and fast group rides, it ensures smooth handling and consistent performance."
RC-1053,DE,Stream I Rennrad,Stream I Performance-Rennrad für Ausdauer,"Das Stream I kombiniert Leichtbauweise und Stabilität für lange Distanzen."
RC-1053,FR,Stream I vélo de course,Stream I vélo endurance performance,"Le Stream I associe légèreté et stabilité pour longues distances."
RC-1053,ES,Stream I bicicleta de carrera,Stream I bicicleta endurance rendimiento,"La Stream I combina ligereza y estabilidad para largas distancias."
RC-1054,EN,Stream II,Stream II advanced racing bike optimized for endurance events,"The Stream II enhances long-distance racing performance with improved comfort geometry and high-precision components. Its balanced frame stiffness and aerodynamic profile make it suitable for endurance competitions and long road challenges."
RC-1054,DE,Stream II Rennrad,Stream II Ausdauer-Rennrad mit Komfortfokus,"Das Stream II bietet verbesserte Geometrie für Langstreckenrennen."
RC-1054,FR,Stream II vélo de course,Stream II vélo endurance confort optimisé,"Le Stream II propose une géométrie adaptée aux courses longue distance."
RC-1054,ES,Stream II bicicleta de carrera,Stream II bicicleta endurance confort optimizado,"La Stream II presenta una geometría adaptada a competiciones de larga distancia."
RC-1055,EN,Veloflash,Veloflash high-speed racing bike with aerodynamic design,"The Veloflash is built for riders seeking maximum velocity and control. Featuring a race-tuned carbon frame, aerodynamic fork, and competition-grade drivetrain, it delivers explosive acceleration and sharp responsiveness."
RC-1055,DE,Veloflash Rennrad,Veloflash Hochgeschwindigkeits-Rennrad,"Das Veloflash setzt auf maximale Geschwindigkeit mit aerodynamischem Carbonrahmen."
RC-1055,FR,Veloflash vélo de course,Veloflash vélo haute vitesse aérodynamique,"Le Veloflash est conçu pour la vitesse maximale avec cadre carbone optimisé."
RC-1055,ES,Veloflash bicicleta de carrera,Veloflash bicicleta alta velocidad aerodinámica,"La Veloflash está diseñada para máxima velocidad con cuadro de carbono optimizado."
RC-1056,EN,Veloflash SE,Veloflash SE special edition racing bike with premium components,"The Veloflash SE enhances performance with upgraded shifting technology and refined aerodynamics. Designed for competitive cyclists, it provides optimal stiffness and improved power efficiency during high-speed rides."
RC-1056,DE,Veloflash SE Rennrad,Veloflash SE Sonderedition Rennrad,"Das Veloflash SE ergänzt die Serie mit Premium-Komponenten und optimierter Schaltperformance."
RC-1056,FR,Veloflash SE vélo de course,Veloflash SE édition spéciale performance,"Le Veloflash SE offre composants premium et transmission améliorée."
RC-1056,ES,Veloflash SE bicicleta de carrera,Veloflash SE edición especial rendimiento,"La Veloflash SE incorpora componentes premium y transmisión mejorada."
RC-1057,EN,Veloflash Ultimate,Veloflash Ultimate top-tier racing bike for elite performance,"The Veloflash Ultimate represents the pinnacle of the racing series, combining ultra-light materials, advanced aerodynamics, and elite-level components. Designed for serious competitors, it maximizes speed, efficiency, and control."
RC-1057,DE,Veloflash Ultimate Rennrad,Veloflash Ultimate High-End-Rennrad,"Das Veloflash Ultimate vereint ultraleichte Materialien und modernste Renntechnologie."
RC-1057,FR,Veloflash Ultimate vélo de course,Veloflash Ultimate modèle haut de gamme compétition,"Le Veloflash Ultimate combine matériaux ultralégers et technologie de pointe pour performance professionnelle."
RC-1057,ES,Veloflash Ultimate bicicleta de carrera,Veloflash Ultimate modelo competición alta gama,"La Veloflash Ultimate combina materiales ultraligeros y tecnología avanzada para rendimiento profesional."
DB-1081,EN,Rooty Basic,Rooty Basic downhill bike for entry-level gravity riding,"The Rooty Basic is designed for steep descents and rough terrain. With a reinforced frame, heavy-duty suspension system, and wide high-grip tires, it ensures durability and stability on demanding downhill trails."
DB-1081,DE,Rooty Basic Downhill-Bike,Rooty Basic Downhill-Bike für Einsteiger,"Das Rooty Basic ist für steile Abfahrten ausgelegt und bietet robuste Federung."
DB-1081,FR,Rooty Basic vélo downhill,Rooty Basic vélo downhill pour débutants,"Le Rooty Basic est conçu pour descentes raides avec suspension robuste."
DB-1081,ES,Rooty Basic bicicleta downhill,Rooty Basic bicicleta downhill para principiantes,"La Rooty Basic está diseñada para descensos pronunciados con suspensión robusta."
DB-1082,EN,Capricorn,Capricorn downhill bike built for aggressive terrain control,"The Capricorn offers enhanced suspension travel and robust construction for technical downhill tracks. Engineered for stability and shock absorption, it delivers confidence on rocky descents and high-speed runs."
DB-1082,DE,Capricorn Downhill-Bike,Capricorn Downhill-Bike für aggressive Trails,"Das Capricorn überzeugt durch lange Federwege und stabile Bauweise."
DB-1082,FR,Capricorn vélo downhill,Capricorn vélo downhill pour terrains agressifs,"Le Capricorn propose débattement long et stabilité maximale."
DB-1082,ES,Capricorn bicicleta downhill,Capricorn bicicleta downhill para terrenos exigentes,"La Capricorn ofrece amplio recorrido de suspensión y máxima estabilidad."
DB-1083,EN,Capricorn II,Capricorn II advanced downhill bike with upgraded suspension,"The Capricorn II improves downhill performance with premium suspension components and reinforced frame geometry. Designed for experienced riders, it ensures maximum control on extreme slopes and rugged trails."
DB-1083,DE,Capricorn II Downhill-Bike,Capricorn II Premium-Downhill-Modell,"Das Capricorn II erweitert die Serie um verbesserte Dämpfung und Kontrolle."
DB-1083,FR,Capricorn II vélo downhill,Capricorn II modèle premium downhill,"Le Capricorn II améliore amortissement et contrôle en descente."
DB-1083,ES,Capricorn II bicicleta downhill,Capricorn II modelo downhill premium,"La Capricorn II mejora amortiguación y control en descensos técnicos."
EB-1131,EN,Flash Drive,Flash Drive electric bike with smooth pedal assistance,"The Flash Drive eBike combines electric pedal support with comfortable geometry for effortless riding. Its integrated motor system and long-lasting battery make commuting and leisure trips easier and more enjoyable."
EB-1131,DE,Flash Drive E-Bike,Flash Drive E-Bike für komfortable Stadtmobilität,"Das Flash Drive E-Bike unterstützt mit einem leistungsstarken Elektromotor und integriertem Akku. Die ergonomische Sitzposition und sanfte Motorunterstützung machen tägliche Wege effizient und angenehm."
EB-1131,FR,Flash Drive vélo électrique,Flash Drive vélo électrique pour mobilité urbaine,"Le Flash Drive combine assistance électrique fluide et position confortable pour trajets quotidiens."
EB-1131,ES,Flash Drive bicicleta eléctrica,Flash Drive bicicleta eléctrica para movilidad urbana,"La Flash Drive combina asistencia eléctrica suave y posición cómoda para desplazamientos diarios."
EB-1132,EN,Flash Drive II,Flash Drive II enhanced eBike with extended battery range,"The Flash Drive II improves efficiency with an upgraded motor and extended battery capacity. Designed for daily commuters, it delivers reliable pedal assistance and smooth acceleration."
EB-1132,DE,Flash Drive II E-Bike,Flash Drive II E-Bike mit erweiterter Reichweite,"Das Flash Drive II bietet verbesserte Akkukapazität und optimierte Motorsteuerung. Ideal für längere Pendelstrecken und komfortable Touren mit elektrischer Unterstützung."
EB-1132,FR,Flash Drive II vélo électrique,Flash Drive II vélo électrique autonomie étendue,"Le Flash Drive II offre batterie optimisée et assistance moteur renforcée."
EB-1132,ES,Flash Drive II bicicleta eléctrica,Flash Drive II bicicleta eléctrica autonomía ampliada,"La Flash Drive II ofrece batería optimizada y asistencia mejorada para trayectos más largos."
EB-1133,EN,Lazy Cat,Lazy Cat comfort-focused electric bike for relaxed riding,"The Lazy Cat prioritizes comfort and ease of use with upright seating, intuitive controls, and smooth electric support. Ideal for urban mobility and relaxed weekend rides."
EB-1133,DE,Lazy Cat E-Bike,Lazy Cat komfortables City-E-Bike,"Das Lazy Cat setzt auf aufrechte Sitzposition und sanfte Motorunterstützung."
EB-1133,FR,Lazy Cat vélo électrique,Lazy Cat vélo électrique urbain confortable,"Le Lazy Cat privilégie confort et posture droite avec assistance douce."
EB-1133,ES,Lazy Cat bicicleta eléctrica,Lazy Cat bicicleta eléctrica urbana confortable,"La Lazy Cat prioriza comodidad y postura erguida con asistencia suave."
EB-1134,EN,Lazy Cat II,Lazy Cat II improved comfort eBike with refined motor system,"The Lazy Cat II enhances rider comfort with optimized battery integration and smoother assistance delivery. Perfect for city cruising and effortless transportation."
EB-1134,DE,Lazy Cat II E-Bike,Lazy Cat II verbessertes Komfort-E-Bike,"Das Lazy Cat II optimiert Integration und Fahrkomfort."
EB-1134,FR,Lazy Cat II vélo électrique,Lazy Cat II version améliorée confort,"Le Lazy Cat II optimise intégration batterie et fluidité de conduite."
EB-1134,ES,Lazy Cat II bicicleta eléctrica,Lazy Cat II versión mejorada confort,"La Lazy Cat II optimiza integración de batería y fluidez de conducción."
EB-1135,EN,Speedeon,Speedeon dynamic electric bike for fast urban commuting,"The Speedeon offers responsive motor assistance and agile handling for city riders. With efficient battery management and modern styling, it supports quick and comfortable daily travel."
EB-1135,DE,Speedeon E-Bike,Speedeon sportliches E-Bike für Stadtfahrten,"Das Speedeon kombiniert dynamisches Design mit reaktionsschneller Unterstützung."
EB-1135,FR,Speedeon vélo électrique,Speedeon vélo électrique dynamique urbain,"Le Speedeon associe design moderne et assistance réactive."
EB-1135,ES,Speedeon bicicleta eléctrica,Speedeon bicicleta eléctrica urbana dinámica,"La Speedeon combina diseño moderno y asistencia reactiva."
EB-1136,EN,Speedeon Light,Speedeon Light lightweight eBike for agile city mobility,"The Speedeon Light reduces overall weight while maintaining powerful pedal assistance. Designed for flexibility and easy maneuvering in urban environments."
EB-1136,DE,Speedeon Light E-Bike,Speedeon Light leichtes E-Bike,"Das Speedeon Light reduziert Gewicht bei hoher Effizienz."
EB-1136,FR,Speedeon Light vélo électrique,Speedeon Light vélo électrique léger,"Le Speedeon Light réduit le poids tout en maintenant efficacité."
EB-1136,ES,Speedeon Light bicicleta eléctrica,Speedeon Light bicicleta eléctrica ligera,"La Speedeon Light reduce peso manteniendo eficiencia."
EB-1137,EN,Speedeon Cross,Speedeon Cross electric bike for mixed terrain exploration,"The Speedeon Cross combines electric support with versatile tires and reinforced frame geometry. Suitable for both paved roads and light off-road paths."
EB-1137,DE,Speedeon Cross E-Bike,Speedeon Cross E-Bike für gemischtes Terrain,"Das Speedeon Cross eignet sich für Straße und leichte Offroad-Strecken."
EB-1137,FR,Speedeon Cross vélo électrique,Speedeon Cross vélo électrique terrain mixte,"Le Speedeon Cross convient route et chemins grâce à pneus polyvalents."
EB-1137,ES,Speedeon Cross bicicleta eléctrica,Speedeon Cross bicicleta eléctrica terreno mixto,"La Speedeon Cross es adecuada para carretera y caminos gracias a neumáticos versátiles."
CB-1161,EN,La Plage,La Plage stylish cruiser bike for relaxed city rides,"The La Plage cruiser blends comfort and elegance with wide handlebars, smooth tires, and a relaxed seating position. Perfect for leisurely rides along the waterfront or through the city."
CB-1161,DE,La Plage Cruiser,La Plage stilvolles Cruiser-Bike,"Das La Plage steht für entspanntes Fahren mit breitem Lenker und komfortabler Sitzposition."
CB-1161,FR,La Plage cruiser,La Plage vélo cruiser élégant,"Le La Plage offre conduite détendue avec guidon large et selle confortable."
CB-1161,ES,La Plage cruiser,La Plage bicicleta cruiser elegante,"La La Plage ofrece conducción relajada con manillar ancho y sillín cómodo."
CB-1162,EN,La Plage Limited,La Plage Limited premium cruiser with refined design details,"The La Plage Limited enhances comfort with upgraded saddle materials and exclusive styling accents. Designed for riders who value both aesthetics and relaxed performance."
CB-1162,DE,La Plage Limited Cruiser,La Plage Limited Premium-Cruiser,"Das La Plage Limited bietet exklusive Details und hochwertige Materialien."
CB-1162,FR,La Plage Limited cruiser,La Plage Limited cruiser premium,"Le La Plage Limited propose finitions exclusives et matériaux de qualité."
CB-1162,ES,La Plage Limited cruiser,La Plage Limited cruiser premium,"La La Plage Limited presenta acabados exclusivos y materiales de alta calidad."
CB-1163,EN,La Plage Gold,La Plage Gold luxury cruiser bike with elegant finish,"The La Plage Gold features premium components and distinctive design elements. Built for comfortable and stylish cruising, it ensures a smooth and enjoyable ride."
CB-1163,DE,La Plage Gold Cruiser,La Plage Gold Luxus-Cruiser,"Das La Plage Gold kombiniert elegantes Design mit erstklassigen Komponenten."
CB-1163,FR,La Plage Gold cruiser,La Plage Gold cruiser luxe,"Le La Plage Gold associe design raffiné et composants haut de gamme."
CB-1163,ES,La Plage Gold cruiser,La Plage Gold cruiser lujo,"La La Plage Gold combina diseño refinado y componentes de alta gama."
HB-1171,EN,Star Cruise,Star Cruise hybrid bike for versatile everyday riding,"The Star Cruise combines road efficiency with mountain bike stability. Its balanced frame design and adaptable tires make it ideal for commuting and recreational rides."
HB-1171,DE,Star Cruise Hybridrad,Star Cruise vielseitiges Hybridrad,"Das Star Cruise verbindet Straßeneffizienz mit Mountainbike-Stabilität."
HB-1171,FR,Star Cruise vélo hybride,Star Cruise vélo hybride polyvalent,"Le Star Cruise combine efficacité route et stabilité VTT."
HB-1171,ES,Star Cruise bicicleta híbrida,Star Cruise bicicleta híbrida versátil,"La Star Cruise combina eficiencia en carretera y estabilidad tipo montaña."
HB-1172,EN,Star Cruise II,Star Cruise II upgraded hybrid bike with enhanced comfort,"The Star Cruise II offers improved suspension and ergonomic features for versatile performance. Suitable for mixed terrain and daily commuting."
HB-1172,DE,Star Cruise II Hybridrad,Star Cruise II Komfort-Hybridrad,"Das Star Cruise II verbessert Ergonomie und Federung."
HB-1172,FR,Star Cruise II vélo hybride,Star Cruise II hybride confort amélioré,"Le Star Cruise II optimise ergonomie et suspension."
HB-1172,ES,Star Cruise II bicicleta híbrida,Star Cruise II híbrida confort mejorado,"La Star Cruise II mejora ergonomía y suspensión."
HB-1173,EN,Universal One,UUniversal One all-purpose hybrid bike for varied terrain,"The Universal One integrates road and trail capabilities into a practical design. With durable components and comfortable geometry, it supports flexible riding styles."
HB-1173,DE,Universal One Hybridrad,Universal One Allround-Hybrid,"Das Universal One eignet sich für unterschiedliche Untergründe."
HB-1173,FR,Universal One vélo hybride,Universal One hybride tout-terrain,"Le Universal One s’adapte à différents types de surfaces."
HB-1173,ES,Universal One bicicleta híbrida,Universal One híbrida todoterreno,"La Universal One se adapta a diferentes tipos de superficies."
HB-1174,EN,Universal Two,Universal Two performance hybrid bike with balanced handling,"The Universal Two enhances ride stability and efficiency across paved and gravel surfaces. Designed for riders seeking adaptability and reliability."
HB-1174,DE,Universal Two Hybridrad,Universal Two Performance-Hybrid,"Das Universal Two bietet ausgewogene Geometrie für Alltag und Freizeit."
HB-1174,FR,Universal Two vélo hybride,Universal Two hybride performance équilibrée,"Le Universal Two assure stabilité et efficacité au quotidien."
HB-1174,ES,Universal Two bicicleta híbrida,Universal Two híbrida rendimiento equilibrado,"La Universal Two ofrece estabilidad y eficiencia para uso diario."
HB-1175,EN,Specifica,Specifica versatile hybrid bike for efficient mobility,"The Specifica delivers dependable performance for daily commuting and recreational use. Its combination of lightweight structure and stable handling ensures comfort and speed."
HB-1175,DE,Specifica Hybridrad,Specifica vielseitiges Hybridmodell,"Das Specifica kombiniert Effizienz und Stabilität."
HB-1175,FR,Specifica vélo hybride,Specifica modèle hybride polyvalent,"Le Specifica associe efficacité et robustesse pour usage mixte."
HB-1175,ES,Specifica bicicleta híbrida,Specifica modelo híbrido versátil,"La Specifica combina eficiencia y robustez para uso mixto."
HB-1176,EN,Specifica Gold,SSpecifica Gold premium hybrid bike with refined components,"The Specifica Gold upgrades the hybrid concept with enhanced drivetrain precision and comfort features. Built for riders who demand versatility and elevated ride quality."
HB-1176,DE,Specifica Gold Hybridrad,Specifica Gold Premium-Hybrid,"Das Specifica Gold erweitert das Konzept um hochwertige Antriebskomponenten."
HB-1176,FR,Specifica Gold vélo hybride,Specifica Gold hybride premium,"Le Specifica Gold complète la gamme avec composants haut de gamme."
HB-1176,ES,Specifica Gold bicicleta híbrida,Specifica Gold híbrida premium,"La Specifica Gold completa la gama con componentes de alta calidad."